output_mask_hex,parameter_hex,normal_hex,offset,gram_rank
03,07ac5,3d62,0,16
04,14179,a0bc,0,16
05,00e5d,072e,0,15
05,06177,30bb,0,15
05,06f2a,3795,1,15
07,0b144,58a2,1,16
08,160bd,b05e,0,16
0a,0eddb,76ed,0,15
0a,10449,8224,0,15
0a,1e992,f4c9,1,15
0b,002d3,0169,0,16
0c,03e4c,1f26,1,16
0f,0581c,2c0e,1,16
11,02e4f,1727,0,14
11,090df,486f,0,14
11,0be90,5f48,1,14
11,119d5,8cea,0,14
11,1379a,9bcd,1,14
11,1890a,c485,1,14
11,1a745,d3a2,0,14
12,03590,1ac8,1,16
14,055b9,2adc,0,15
14,11761,8bb0,0,15
14,142d8,a16c,1,15
15,096a2,4b51,1,16
16,0a2ba,515d,1,16
19,1e92a,f495,1,16
1a,09103,4881,0,16
1c,00787,03c3,0,15
1c,14050,a028,1,15
1c,147d7,a3eb,0,15
1d,19f2d,cf96,0,16
1e,1c30c,e186,1,16
1f,06da8,36d4,1,15
1f,09cb3,4e59,0,15
1f,0f11b,788d,0,15
20,05ba3,2dd1,0,15
20,1b3d6,d9eb,1,15
20,1e875,f43a,0,15
21,03ed0,1f68,1,16
22,1978c,cbc6,1,16
23,0cf62,67b1,1,15
23,16f12,b789,1,15
23,1a070,d038,1,15
24,09e1f,4f0f,0,15
24,170cc,b866,1,15
24,1eed3,f769,0,15
25,06516,328b,1,16
26,0f4fb,7a7d,0,16
27,04802,2401,1,15
27,1816b,c0b5,0,15
27,1c969,e4b4,0,15
28,07732,3b99,1,15
28,185ef,c2f7,0,15
28,1f2dd,f96e,0,15
29,1aaec,d576,1,16
2a,05139,289c,0,16
2c,08c88,4644,1,15
2c,140d9,a06c,0,15
2c,1cc51,e628,0,15
2d,1e2dc,f16e,1,16
2e,16b03,b581,0,16
2f,0d7e2,6bf1,1,15
2f,1636b,b1b5,0,15
2f,1b489,da44,0,15
30,051a7,28d3,0,16
31,0d0cc,6866,1,15
31,10006,8003,1,15
31,1d0ca,e865,1,15
33,0d9f8,6cfc,1,16
34,068a7,3453,0,16
37,0106a,0835,1,16
38,15315,a98a,0,16
39,0120e,0907,1,15
39,0859e,42cf,1,15
39,09790,4bc8,1,15
3a,05c78,2e3c,1,15
3a,18500,c280,1,15
3a,1d978,ecbc,1,15
3b,03089,1844,0,14
3b,0871e,438f,1,14
3b,0b797,5bcb,0,14
3b,1444e,a227,1,14
3b,174c7,ba63,0,14
3b,1c350,e1a8,1,14
3b,1f3d9,f9ec,0,14
3c,0383e,1c1f,1,14
3c,05291,2948,0,14
3c,06aaf,3557,0,14
3c,100ba,805d,1,14
3c,13884,9c42,1,14
3c,1522b,a915,0,14
3c,16a15,b50a,0,14
3f,17999,bccc,0,16
40,08384,41c2,1,15
40,15bff,adff,0,15
40,1d87b,ec3d,0,15
41,1737e,b9bf,1,16
42,04cc9,2664,0,16
43,02681,1340,0,15
43,085d0,42e8,1,15
43,0a351,51a8,0,15
44,06668,3334,1,15
44,1a53a,d29d,1,15
44,1c352,e1a9,1,15
45,04beb,25f5,0,16
46,0e85e,742f,1,16
48,0d16b,68b5,0,15
48,15918,ac8c,1,15
48,18873,c439,0,15
49,15754,abaa,1,16
4a,13a9e,9d4f,1,16
4b,0135a,09ad,1,15
4b,029d8,14ec,1,15
4b,03a82,1d41,1,15
4d,1c108,e084,1,16
4e,067b6,33db,1,16
4f,01acf,0d67,0,15
4f,16c7b,b63d,0,15
4f,176b4,bb5a,1,15
50,00a22,0511,1,16
52,0a66c,5336,1,15
52,1772e,bb97,1,15
52,1d142,e8a1,1,15
53,00b2c,0596,1,16
54,10774,83ba,1,16
56,04116,208b,1,15
56,1820f,c107,0,15
56,1c319,e18c,0,15
57,00eda,076d,1,14
57,04288,2144,1,14
57,04c52,2629,1,14
57,11247,8923,0,14
57,11c9d,8e4e,0,14
57,150cf,a867,0,14
57,15e15,af0a,0,14
58,02ea5,1752,0,14
58,0d1aa,68d5,1,14
58,0ff0f,7f87,0,14
58,1540b,aa05,0,14
58,17aae,bd57,1,14
58,185a1,c2d0,0,14
58,1ab04,d582,1,14
59,0369d,1b4e,0,15
59,094d7,4a6b,0,15
59,0a24a,5125,1,15
5b,04344,21a2,1,14
5b,0954f,4aa7,0,14
5b,0d60b,6b05,0,14
5b,13817,9c0b,0,14
5b,17b53,bda9,0,14
5b,1ad58,d6ac,1,14
5b,1ee1c,f70e,1,14
5c,03fa9,1fd4,0,16
5e,002b8,015c,1,13
5e,01420,0a10,1,13
5e,01698,0b4c,1,13
5e,0805b,402d,0,13
5e,082e3,4171,0,13
5e,0947b,4a3d,0,13
5e,096c3,4b61,0,13
5e,1483c,a41e,1,13
5e,14a84,a542,1,13
5e,15c1c,ae0e,1,13
5e,15ea4,af52,1,13
5e,1c867,e433,0,13
5e,1cadf,e56f,0,13
5e,1dc47,ee23,0,13
5e,1deff,ef7f,0,13
5f,1a531,d298,0,16
60,124d3,9269,0,16
62,08cc5,4662,0,15
62,11891,8c48,0,15
62,19454,ca2a,1,15
63,19f0c,cf86,1,16
64,1003a,801d,1,16
67,0054b,02a5,0,16
68,07275,393a,0,16
69,093ab,49d5,0,15
69,13ddb,9eed,0,15
69,1ae70,d738,1,15
6b,0dbd4,6dea,1,16
6c,07aa6,3d53,1,16
6d,0565e,2b2f,1,15
6d,10b83,85c1,0,15
6d,15ddd,aeee,0,15
6e,0c12f,6097,0,15
6e,11776,8bbb,1,15
6e,1d659,eb2c,0,15
6f,080f9,407c,0,16
70,0fcbf,7e5f,0,15
70,141ca,a0e5,1,15
70,1bd75,deba,0,15
71,0d60d,6b06,0,16
72,12b79,95bc,0,16
73,08063,4031,0,15
73,128be,945f,1,15
73,1a8dd,d46e,0,15
74,06655,332a,0,15
74,19cb9,ce5c,0,15
74,1faec,fd76,1,15
75,11652,8b29,1,16
76,02e48,1724,1,16
78,0170e,0b87,1,15
78,0a38c,51c6,1,15
78,0b482,5a41,1,15
79,0034d,01a6,0,14
79,0aca0,5650,1,14
79,0afed,57f6,0,14
79,12105,9082,0,14
79,12248,9124,1,14
79,18da5,c6d2,0,14
79,18ee8,c774,1,14
7a,1b4e8,da74,1,16
7b,029ac,14d6,1,15
7b,080c2,4061,1,15
7b,0a96e,54b7,1,15
7d,1f6fc,fb7e,1,16
7e,0401a,200d,1,16
7f,0ff25,7f92,0,15
7f,11043,8821,0,15
7f,1ef66,f7b3,1,15
80,0a6ff,537f,0,15
80,156ed,ab76,0,15
80,1f012,f809,1,15
81,08912,4489,1,16
82,1fd22,fe91,1,16
83,0a7a4,53d2,1,15
83,131ef,98f7,0,15
83,1964b,cb25,0,15
84,0c367,61b3,0,15
84,167ee,b3f7,1,15
84,1a489,d244,0,15
85,0f1f2,78f9,1,16
86,1196d,8cb6,0,16
87,014ab,0a55,0,15
87,105e7,82f3,0,15
87,1114c,88a6,1,15
88,04bb0,25d8,1,15
88,1abd4,d5ea,1,15
88,1e064,f032,1,15
89,06ced,3676,0,16
8a,119d5,8cea,0,16
8b,07874,3c3a,1,15
8b,0ae70,5738,1,15
8b,0d604,6b02,1,15
8d,0e377,71bb,0,16
8e,00208,0104,1,14
8e,040d7,206b,0,14
8e,042df,216f,0,14
8e,10dca,86e5,1,14
8e,10fc2,87e1,1,14
8e,14d1d,a68e,0,14
8e,14f15,a78a,0,14
8f,051ef,28f7,0,15
8f,08982,44c1,1,15
8f,0d86d,6c36,0,15
90,08ac1,4560,0,16
91,0fed3,7f69,0,15
91,13ea4,9f52,1,15
91,1c077,e03b,0,15
92,0631f,318f,0,15
92,1aaba,d55d,1,15
92,1c9a5,e4d2,0,15
93,1bdef,def7,0,16
94,00fd3,07e9,0,14
94,0209b,104d,0,14
94,02f48,17a4,1,14
94,1402d,a016,0,14
94,14ffe,a7ff,1,14
94,160b6,b05b,1,14
94,16f65,b7b2,0,14
95,036ff,1b7f,0,15
95,1841b,c20d,0,15
95,1b2e4,d972,1,15
97,11fb7,8fdb,0,16
98,03c4b,1e25,0,14
98,082d6,416b,1,14
98,0be9d,5f4e,0,14
98,11fab,8fd5,0,14
98,123e0,91f0,1,14
98,19d7d,cebe,0,14
98,1a136,d09b,1,14
9a,05e55,2f2a,0,15
9a,18833,c419,0,15
9a,1d666,eb33,1,15
9b,119d5,8cea,0,16
9c,159c4,ace2,1,16
9d,03fd4,1fea,1,15
9d,0471c,238e,1,15
9d,078c8,3c64,1,15
9e,0c0bd,605e,0,15
9e,1327e,993f,1,15
9e,1f2c3,f961,0,15
9f,19b2a,cd95,1,16
a0,0ec19,760c,0,16
a2,02a66,1533,1,15
a2,0938e,49c7,1,15
a2,0b9e8,5cf4,1,15
a3,10706,8383,1,16
a4,0c5f6,62fb,1,16
a6,00cf1,0678,0,15
a6,0c575,62ba,0,15
a6,0c984,64c2,1,15
a7,14de9,a6f4,0,16
a8,1063a,831d,1,16
a9,06a1d,350e,0,15
a9,10777,83bb,0,15
a9,16d6a,b6b5,1,15
ab,147ac,a3d6,1,16
ac,14b6f,a5b7,0,16
ad,0f893,7c49,0,15
ad,11b59,8dac,0,15
ad,1e3ca,f1e5,1,15
ae,0ab92,55c9,1,15
ae,158cb,ac65,0,15
ae,1f359,f9ac,0,15
af,057a5,2bd2,0,14
af,095e8,4af4,1,14
af,0c24d,6126,0,14
af,138fe,9c7f,1,14
af,16f5b,b7ad,0,14
af,1ad16,d68b,1,14
af,1fab3,fd59,0,14
b0,0637b,31bd,0,15
b0,10801,8400,0,15
b0,16b7a,b5bd,1,15
b1,00184,00c2,1,14
b1,0f8eb,7c75,0,14
b1,0f96f,7cb7,0,14
b1,15aa1,ad50,0,14
b1,15b25,ad92,0,14
b1,1a24a,d125,1,14
b1,1a3ce,d1e7,1,14
b2,1fede,ff6f,1,16
b3,0a198,50cc,1,15
b3,116b2,8b59,1,15
b3,1b72a,db95,1,15
b4,019bb,0cdd,0,13
b4,02ca7,1653,0,13
b4,0351c,1a8e,1,13
b4,04da4,26d2,1,13
b4,0541f,2a0f,0,13
b4,06103,3081,0,13
b4,078b8,3c5c,1,13
b4,086e4,4372,1,13
b4,09f5f,4faf,0,13
b4,0aa43,5521,0,13
b4,0b3f8,59fc,1,13
b4,0cb40,65a0,1,13
b4,0d2fb,697d,0,13
b4,0e7e7,73f3,0,13
b4,0fe5c,7f2e,1,13
b5,05fef,2ff7,0,14
b5,089be,44df,1,14
b5,0d651,6b28,0,14
b5,1103e,881f,1,14
b5,14fd1,a7e8,0,14
b5,19980,ccc0,1,14
b5,1c66f,e337,0,14
b6,04986,24c3,1,16
b9,06acc,3566,1,16
ba,078cb,3c65,0,16
bb,0bd06,5e83,1,15
bb,16945,b4a2,0,15
bb,1d443,ea21,0,15
bd,04015,200a,0,14
bd,09acc,4d66,1,14
bd,0dad9,6d6c,0,14
bd,111c7,88e3,0,14
bd,151d2,a8e9,1,14
bd,18b0b,c585,0,14
bd,1cb1e,e58f,1,14
be,03d0b,1e85,0,16
c0,1ca01,e500,0,16
c3,120fe,907f,1,16
c4,16dcd,b6e6,0,16
c5,00926,0493,1,15
c5,0d189,68c4,0,15
c5,0d8af,6c57,0,15
c6,0206e,1037,1,15
c6,10267,8133,0,15
c6,12209,9104,0,15
c7,00618,030c,1,14
c7,0cbc0,65e0,1,14
c7,0cdd8,66ec,1,14
c7,14327,a193,0,14
c7,1453f,a29f,0,14
c7,188e7,c473,0,14
c7,18eff,c77f,0,14
c8,1d4c1,ea60,0,16
cb,140e3,a071,0,16
cc,00b31,0598,0,16
cf,0b400,5a00,1,16
d0,0db77,6dbb,0,15
d0,1004d,8026,0,15
d0,1db3a,ed9d,1,15
d1,0e7bb,73dd,0,16
d2,11316,898b,1,16
d3,0b945,5ca2,0,15
d3,1624a,b125,1,15
d3,1db0f,ed87,0,15
d4,01033,0819,0,15
d4,1cdbf,e6df,0,15
d4,1dd8c,eec6,1,15
d5,0d209,6904,0,16
d6,1255d,92ae,0,16
d8,05fad,2fd6,0,15
d8,19107,c883,0,15
d8,1ceaa,e755,1,15
d9,08fdd,47ee,0,16
da,0798e,3cc7,1,16
db,0e274,713a,1,15
db,17b2d,bd96,0,15
db,19959,ccac,0,15
dc,0fd80,7ec0,1,15
dc,13a54,9d2a,1,15
dc,1c7d4,e3ea,1,15
dd,13a7b,9d3d,0,16
de,1c670,e338,1,16
df,0bcae,5e57,1,15
df,10a88,8544,1,15
df,1b626,db13,1,15
e0,002e3,0171,0,15
e0,00c25,0612,0,15
e0,00ec6,0763,1,15
e1,01478,0a3c,1,16
e2,171bb,b8dd,0,16
e3,002c4,0162,1,15
e3,1b0ba,d85d,1,15
e3,1b27e,d93f,1,15
e4,08f17,478b,0,15
e4,105a9,82d4,0,15
e4,18abe,c55f,1,15
e5,14f5d,a7ae,0,16
e6,07c48,3e24,1,16
e7,00453,0229,0,15
e7,12be0,95f0,1,15
e7,12fb3,97d9,0,15
e9,0e8d5,746a,0,16
ea,09153,48a9,0,16
eb,0549a,2a4d,1,15
eb,0a67a,533d,1,15
eb,0f2e0,7970,1,15
ec,0f37d,79be,0,15
ec,1070b,8385,0,15
ec,1f476,fa3b,1,15
ed,1f03d,f81e,0,16
ee,0d221,6910,0,16
f0,0dde2,6ef1,1,16
f2,01d81,0ec0,0,15
f2,14ae3,a571,0,15
f2,15762,abb1,1,15
f3,0af0d,5786,0,16
f4,0c5e3,62f1,0,16
f6,0e54c,72a6,1,15
f6,172c6,b963,1,15
f6,1978a,cbc5,1,15
f7,1f2d1,f968,0,16
f8,02289,1144,0,16
fb,1e39d,f1ce,0,16
fc,062c3,3161,0,16
fd,0f061,7830,0,15
fd,16d74,b6ba,1,15
fd,19d15,ce8a,0,15
fe,020ea,1075,1,15
fe,1d47b,ea3d,0,15
fe,1f491,fa48,0,15
ff,18fd5,c7ea,0,16
